{"cameraMode":{"drawMode":0,"name":"Shaded","section":"Shading Mode"},"sceneLighting":false,"audioPlay":false,"sceneViewState":{"showFog":true,"showMaterialUpdate":false,"showSkybox":false,"showFlares":true,"showImageEffects":true,"showParticleSystems":true},"in2DMode":false,"pivot":{"x":3.4604291915893556,"y":1.1083087921142579,"z":-0.7676253318786621},"rotation":{"x":-0.14659975469112397,"y":0.17152956128120423,"z":-0.025820283219218255,"w":-0.9738683104515076},"size":5.201358795166016,"orthographic":false}