{"cameraMode":{"drawMode":0,"name":"Shaded","section":"Shading Mode"},"sceneLighting":true,"audioPlay":false,"sceneViewState":{"showFog":true,"showMaterialUpdate":false,"showSkybox":true,"showFlares":true,"showImageEffects":true,"showParticleSystems":true},"in2DMode":false,"pivot":{"x":-67.78482055664063,"y":-34.74184036254883,"z":74.44808959960938},"rotation":{"x":-0.152663454413414,"y":0.38773107528686526,"z":-0.06528348475694657,"w":-0.9066954851150513},"size":142.78802490234376,"orthographic":false}